id,moonNumber,actor,textKor,textEng
1,1,edison,이렇게 하면….,And now…
1,1,edison,"아, 성공이군. 다들 와 봐.","Ah, success. Gather around."
1,1,red,우와아아아아!,Whoaaaa.
1,1,red,우와아아아아아아아아아아아!,WHOOOOOAAAAAAA!
1,1,red,"큼큼, 안녕, 인간. 나는 레드야.","Ahem. Hello, human. Red here."
1,1,red,달에 있는 모두가 인간을 사랑하지!,Everyone on the Moon loves humans!
1,1,red,그리고 나도! 인간을! 사랑한다!,And so! do! I!
1,1,red,(우당탕 하는 소리.),(A crash.)
1,1,red,아야!,Ouch!
1,1,edison,진정. 인간 놀람. 그리고\n시끄러워. 귀 먹먹하다.,Calm down. Human startled.\nAnd too loud. Ears ringing.
1,1,sircello,~??♭♩?&?,~??♭♩?&?
1,1,edison,"응, 아직 오류가 많아서 언제\n신호가 끊어질지 모름.","Yes, number of errors\nmakes signal unsteady."
1,1,edison,"빨리 인사, 첼로.\n내가 통역한다.","Say hello, Cello.\nI translate."
1,1,sircello,~?? (치지직-) ♩?!!,~?? (Zzz-) ♩?!!
1,1,edison,잠시만. (치직) 끊기…. (치익),Wait. (Zz) Breaking…. (Zzzz)
1,1,sircello,♩?####…?!,♩?####…?!
1,2,sircello,(구슬픈 음악이 들린다.),(Sad music can be heard.)
1,2,sircello,♩♩……,♩♩……
1,2,sircello,♩♩♩??……,♩♩♩??……
1,2,edison,첫 번째 프로토타입이라\n오류가 많음.,"First prototype, prone<br>to malfunction."
1,2,edison,켜지고 꺼지는 타이밍도 설정이\n안 되고. 어쩔 수 없음.,Settings for turning on<br>and off not yet an option.
1,2,edison,"지금 슬픔은 견디고, 다음에\n켜지면 제일 먼저 인사해.",No need to be sad. Be<br>the first to say hello next.
1,2,sircello,♩?? !!,♩?? !!
1,2,red,첼로 경의 인삿말 궁금한걸.,Wonder how you’ll pull it off.
1,2,red,"하아아아아아음. 으, 시간이\n언제 이렇게. 일하기 싫어.","Yaaaawn. Ugh, look at the<br>time. I don’t wanna work."
1,2,red,너희는 일할 때 무슨\n생각 하면서 청소해?,What do you guys think of<br>when you work?
1,2,edison,뭘 생각해. 그냥 하는 거지.,I don’t think. I do.
1,2,sircello,~??♭♩,~??♭♩
1,2,edison,노래를 부른다고?,Sing?
1,2,sircello,?♭?~~,?♭?~~
1,2,red,"맞아, 첼로 경이 노래하면 내가\n자막을 만들어서 같이 불러.","That’s right. When Sir Cello<br>hums, I make up the lyrics."
1,2,red,이렇게!,Like this!
1,2,red,? 해괴한 호수는 차오른다!\n퍼 담고 굳히고 긁어 내자! ?,eng
1,2,red,? 짝짝이 팔다리 비틀어진 등허리!\n달 뒤편의 아래의 구석을 지키는! ?,eng
1,2,red,? 우리는 달나라 청소부들! ?,eng
1,2,edison,아. 잠시만. 켜진 것\n같음. 불 들어오네.,Ah. Wait. Seems to be on.<br>Light is on.
1,2,edison,"첼로 경, 인사해.","Say hello, Sir Cello."
1,2,red,첼로 경! 인사해!! 얼른!,Sir Cello! Say hi!!
1,2,sircello,~??♭,~??♭
1,2,sircello,♩?!! (치지직-),♩?!! (Zzz-)
1,2,edison,"(치직) 아, 또 (치이익)",(Zz) Not again (Zzzz)
1,2,sircello,♬ ######!!!,♬ ######!!!
2,1,red,으흠. (신나는 허밍이 들린다),Hmm. (Hums excitely)
2,1,red,흐흐흠.,Hmm-hmm.
2,1,red,흐허어워어음.,Hmm-mm-hmm-mm.
2,1,red,"인간! 아아, 아. 크흠, 여기는 레드.","Human! Ah, ahem. Red here."
2,1,red,(경쾌하게 탁탁거리는 발걸음),(Pattering footsteps)
2,1,red,송신기가 켜지자마자\n에디슨 몰래 훔쳐 왔어.,I stole the transmitter while Edison had her back turned.
2,1,red,달나라를 보여 주고 싶어서.\n빨리! 시간이 없어!,I wanted to show you around. Quick! We don’t have time!
2,1,red,우선 저어기 (발걸음이 탁탁탁 빨라진다) 보이는 건 꿈 공장이야!,First there’s (footsteps quicken) the dream factory.
2,1,red,정말 아름답지? 대부분 인간의\n눈에는 보이지 않지만.,"Beautiful, right? It’s usually invisible to the human eye."
2,1,red,하지만 뭉치를 볼 수 있다면\n이 공장도 볼 수 있을걸?,But if you can see Dot\nI bet you can see it too.
2,1,red,저기 빛을 내며 날아다니는\n친구들은 달나방들이야.,Those sparky friends over\nthere are the moon moths.
2,1,red,흐흐. 내 발밑엔 땅바닥…\n그리고 짠. 크레이터.,Hehe. And the ground under\nmy feet… and tada. The crater.
2,1,red,"검은 호수 같지? 다들 끔찍하다고\n싫어하지만, 난 뭐랄까,","Looks like a black lake, right? No one likes it, but for me,"
2,1,red,바라보고 있으면 이상하게\n마음이 편해진단 말이지.,"well, looking at it soothes me."
2,1,edison,뭐 함?,What are you doing?
2,1,red,… !,… !
2,1,edison,…,…
2,1,red,……,……
2,1,edison,……,……
2,1,red,뭐 하긴? 인간한테 달나라\n구경 시켜 주고 있다.,What does it look like? I’m showing the human around.
2,1,red,왜. 뭐!,What. What!
2,1,red,"뭐, 뭐, 뭐뭐! 어쩌라고!",What! Why are you giving me that look!
2,1,edison,무슨 구경.,Showing what.
2,1,red,공장이랑… 달나방이랑…\n땅바닥… 크레이터….,The Factory… the moths… the ground… the craters…
2,1,red,"지구에선 달 뒤편이 안 보이니까,\n궁금하지 않을까 하고….",And I thought they’d like to see the dark side of the moon…
2,1,edison,영상 정보는 송출 안 됨.,Visual information\nis not transmitted.
2,1,red,에? 거짓말!,What? You’re kidding!
2,1,edison,내놔.,Relinquish it to me.
2,1,red,(작은 한숨 소리) 아아. 싫어어.\n인간이랑 더 이야기할래.,(Sigh) Noooo. I wanna talk more.
2,1,edison,떨어뜨리기라도 했으면 어쩔 뻔\n했음? 크레이터에 빠트렸으면?,And if you dropped it? If it fell into a crater?
2,1,edison,내놔.,Relinquish it.
2,1,edison,고장난 곳 없는지 봐야 하니까.,I need to check for damages.
2,1,red,(작은 한숨 소리),(Small sigh)
2,2,red,"에디슨, 첼로 경!","Hey Edison, Sir Cello!"
2,2,red,"아니, 글쎄, 동쪽 구역 청소를\n맡은 치커리 영감이 말이야.",You know old man Chicory\nthat cleans the east part of things?
2,2,red,어제 ‘귀신’을 봤대.,Says he saw a GHOST\nyesterday.
2,2,edison,귀신은 허상임.,Ghosts are illusions.
2,2,edison,또는 측두엽 뇌파\n변화의 일시적 현상.,Or temporary changes in\ntemporal lobe brain waves.
2,2,red,진짜라니까?,Are not.
2,2,edison,가짜.,False.
2,2,sircello,?♭~?♩…? (바들바들\n떨리는 선율),?♭~?♩…? (Trembling notes)
2,2,edison,"믿지 마, 첼로 경.","Do not indulge him, Sir Cello."
2,2,edison,치커리 영감 정도라면\n환시를 볼 나이도 됐음.,"Hallucinations, not uncommon\nfor man of Chicory’s age."
2,2,edison,자러 가던 달나방 떼를 귀신으로 착각했을 수 있음.,May have mistaken a swarm\nof moon moths for a ghost.
2,2,red,그런 거겠지? 안심이\n되는 것 같기도 하고.,"Yeah? Boy, that’s a relief."
2,2,red,그래도 우리 네 명이\n함께라 다행이야.,I’m sure glad the four of us\nare together though.
2,2,red,"진짜든 아니든,\n귀신은 무서우니까.","‘Cause real or no,\nghosts are SCARY."
2,2,edison,잠깐.,Wait.
2,2,edison,네 명?,Four?
2,2,red,어…? 방금. 분명……!,Wait…? There’s no way……!
2,2,edison,!!!,!!!
2,2,sircello,!!!,!!!
2,2,red,!!!,!!!
2,2,red,으아아아아아아아악!,AAAAHHHHHHHHHH!
3,1,red,? 해괴한 호수는 차오른다!\n퍼 담고 굳히고 긁어 내자! ?,eng
3,1,red,? 짝짝이 팔다리 비틀어진 등허리!\n달 뒤편의 아래의 구석을 지키는! ?,eng
3,1,red,? 우리는 달나라 청소부들! ?,eng
3,1,red,으악. 이러다 허리가 휘겠어.,"God, my back is killing me."
3,1,edison,이미 휜 편.,Not dead yet.
3,1,edison,그리고 그건 청소일\n때문이 아님.,And not due to cleaning.
3,1,edison,네가 쉬는 동안 허리 펴기 귀찮\n다고 구부정하게 앉아서 그럼.,You slouch during break times rather than sitting straight.
3,1,red,"하지만 종일 일, 일, 일인걸?","But it’s been work, work, work all day with an extra scoop of work!"
3,1,red,쉴 때엔 너무 피곤해서 웅크리고\n있어야만 살 것 같단 말이야.,I slouch because I’m just too pooped to do anything else.
3,1,red,안 되겠어. 에디슨! 첼로 경!,I can’t take it anymore.\nEdison! Sir Cello!
3,1,red,이대로는 안 되겠어. 멋진\n어른 인간들을 본받자.,We gotta take a leaf from humans and that book of theirs.
3,1,red,우리도 ‘집’과 ‘출퇴근’이라는\n제도를 만들어 보자!,"We’ll need a ‘home’,\nand ‘work hours’!"
3,1,edison,음?,Hmm?
3,1,red,이 모닥불 구덩이를 우리의\n‘집’이라고 정하는 거야.,We’ll call this bonfire pit our ‘home.’
3,1,edison,그리고?,Then?
3,1,red,그리고 할당량이라는 걸 정하자.,Then we assign ourselves workloads for each day.
3,1,red,크레이터에서 퍼다 나른 폐기물\n로 구덩이를 열 개 채우면,"Once we fill ten pits with Moon filth from the craters,"
3,1,red,‘집’으로 퇴근!,we’re off the clock\nand get to go ‘home’!
3,1,sircello,??♭♩?!!,??♭♩?!!
3,1,red,별자리가 반의 반 뼘만큼 공전\n했을 때 다시 출근하는 거지!,We’ll go back to work when the constellations move… THIS much.
3,1,edison,괜찮은 것 같음. 한번 해 봐.,Sounds interesting. Suggest you give it a try.
3,1,red,같이 하자.,"No, WE will."
3,1,red,다 같이 하자!,All three of us!
3,1,edison,…….,…….
3,1,edison,알았음.,Affirmative.
3,1,sircello,♩?? ~~!,♩?? ~~!
3,2,red,집이 생겼어. 따끈한 모닥불…\n잘 구워진 돌 의자.,We have a home now. A warm bonfire… a toasty stone chair.
3,2,edison,좋네.,Sweet.
3,2,sircello,??♩… ♭♩?,??♩… ♭♩?
3,2,edison,조금 허전한 것 같다고?,You think something’s missing?
3,2,red,휑하기는 하다.,Guess it’s pretty empty.
3,2,edison,이곳은 달 뒤편. 원래\n휑한 곳이다.,It’s the dark side of the moon. It’s always going to be empty.
3,2,red,하지만 우리의 영혼까지\n휑해질 필요는 없지.,But that doesn’t mean our souls have to be empty.
3,2,red,"우리, 집을 꾸며 보는 건 어때?",Why don’t we give\nhome decorating a shot?
3,2,edison,뭐…,Hmm.
3,2,edison,… 좋음. 돌을 더 가지고 오겠다.,… Good.
4,1,red,대사가 아직 안 적혔어!,eng
4,1,edison,기다려라. 진행 중.,eng
4,1,sircello,♩?? ~~,eng
4,2,edison,"레드, 질문.",eng
4,2,edison,그때.,eng
4,2,edison,뭉치를 지구로 보내자고 제안한 이유는 무엇?,eng
4,2,red,"우리가 뭉치를 우주로 던지기 직전, 뭉치가 했던 말 기억해?",eng
4,2,red,저기엔 꿈이랑…… 어쩌구.,eng
4,2,edison,‘저기엔 나를 꿈으로 삼아 줄 다른 존재가 있을지도 몰라요.’,eng
4,2,red,"응, 맞아! 그거.",eng
4,2,red,"뭉치는,",eng
4,2,red,뭉치는 꿈을 꿀 줄 알아.,eng
4,2,edison,꿈?,eng
4,2,red,"폐기물에서 태어난 괴물…. 맞아, 유쾌한 존재는 아니지.",eng
4,2,red,그 검은 눈을 보고 있으면 희망… 같은 무언가가 느껴졌어.,eng
4,2,red,어둡지만 분명했어.,eng
4,2,red,"그걸 인간에게 보내면, 그 인간은 분명 행복해질 것 같았어!",eng
4,2,edison,………….,eng
4,2,red,"그리고 뭉치, 못생겼지만 귀여워.",eng
4,2,sircello,(높은 스타카토. 웃음소리와 흡사하다.),eng
4,2,edison,…… 저런.,eng
4,2,edison,나의 전구 머리로는 해독할 수 없는 난해한 감상. 뭉치가 ‘귀엽다’니.,eng
4,2,red,"에디슨, 그런 너는 나의 제안을 왜 흔쾌히 수락한 거야?",eng
4,2,edison,너의 무모하고 멍청하고 위험하기까지 한 제안?,eng
4,2,red,"(작게 투닥거리는 소리, 레드가 궁시렁거린다.)",eng
4,2,edison,너를 믿었기 때문임.,eng
4,2,edison,"너의 계획은 무모하고 멍청하고 위험하기까지 했지만, 따뜻했다.",eng
4,2,edison,네 불꽃 대가리가 밝혀 낸 가능성에 희망을 걸어 보고 싶었어.,eng
4,2,edison,…… 인간을 보고 싶다는 열망이 이성을 이겨 버린 후이기도 했고.,eng
5,1,red,에디슨! 같이 가!,Edison! Wait up!
5,1,red,헉… 헉…! 달나비들이<br>갑자기 달려드는 바람에.,Huff… huff… moon butterflies came at me all of a sudden.
5,1,edison,달-나비. 크레이터 주변에<br>서식하는 날개 곤충.,Moon-butterflies. Winged insects inhabiting edge of craters.
5,1,edison,무엇에 반응한 거지?,Reacting to what?
5,1,red,"그, 청소 구역 표시해 둔<br>종이 뭉치 말이지.","Well, you know that piece of paper that marks all the cleaning spots."
5,1,red,내가 불 조절을 실수해서<br>조금 태워 버렸다!,I messed up and it<br>kinda caught on fire.
5,1,edison,….조금? 확실해?,…..Kinda? Certain?
5,1,red,"크흠, 조금! 그래서 종이가<br>타닥타닥 타들어 가는데…",Just a smidge! The paper<br>was burning away when…
5,1,red,서쪽에서 엄청나게 많은<br>달나비들이 몰려오더라고!,a swarm of moon butterflies came at me from the south!
5,1,red,그리고 순식간에 날 에워싸는 거야!,Before I knew it I was<br>surrounded by them.
5,1,red,눈앞이 은색 물결로<br>가득 채워졌어.,Wave after wave of silver<br>rippling before my eyes.
5,1,red,"혼란스러웠지만,<br>정말 아름다웠어!","Confusing, but beautiful!"
5,1,red,반짝이는 별가루를 떨어뜨리는\n달나비들의 비행이란!,Moon butterflies and their shimmering stardust flight.
5,1,red,….에디슨? 어디 가?,….Edison? Where you going?
5,1,edison,내 연구실.,My lab.
5,1,edison,달나비가 불에 타는 것에<br>반응하는 이유를 탐구해야겠다.,To investigate why moon<br>butterflies burn in fire.
5,2,red,첼로 경은 왜 언어로 말하지 않게 된 거야?,…Why doesn’t Sir Cello<br>speak with words?
5,2,sircello,??♭♩~,??♭♩~
5,2,red,첼로로 아름다운 소리를 내던 인간?\n아! 첼로 경이 마지막으로 맡았던\n인간은 음악가였구나!,eng
5,2,sircello,♪~ ♩♭? !,??♭♩…~?♭
5,2,red,천재적인 실력? 세상에…….,eng
5,2,,♭? ♪ ?♭,eng
5,2,,"그런데 거만했다니! 모든 천재 인간들은\n콧대가 높단 말이 있더라니, 역시였어!",eng
5,2,,"어, 첼로 경! 송신기가 깜빡거려.",eng
5,2,,뭉치의 인간도 듣고 있을지 몰라.\n내가 첼로 경의 말을 번역해 줄까?,eng
5,2,sircello,…~?♭,??♭♩…~?♭
5,2,red,"인간, 내가 첼로 경에게 왜 말을 하지\n않게 되었는지를 물어보고 있었어.",eng
5,2,,너에게도 이야기를 공유하고\n싶대! 번역해 줄게. 나만 믿어!,eng
5,2,,? ?# ?♭,? ?# ?♭
5,2,red,"그러던 어느 날, 첼로 경의 인간은<br>사고로 손을 크게 다치고 말았어.","One day, he hurt his hand real bad from an accident."
5,2,,저런…. 오랜 기간 끝에 회복했지만<br>다치기 전 실력은 되찾을 수 없었대.,He got better but could never play like he used to.
5,2,,♪ ?#…,♪ ?#…
5,2,red,"다른 이들은 그의 몰락을 지켜보며<br>연민하기도, 유희처럼 즐기기도 했어.","Everyone watching his\ndownfall sympathized,\nbut they laughed too."
5,2,red,괴로워하는 인간의 꿈에서는<br>끔찍한 소리만이 연주됐지.,Horrible melodies played in<br>the human’s nightmares.
5,2,red,"날카로운 말들로 가득찬 세상\n속에서 그를 위로할 수 있던 소리는\n첼로 선율만이 유일했지만,",eng
5,2,red,이젠 사랑하던 음악마저 그의 현실만큼이나 지옥이 되어 버렸고,eng
5,2,sircello,♩♭? ♩♪…,♩♭? ♩♪…
5,2,red,끝끝내 인간은 자신의 삶을 연주하기를 포기해 버렸대.,And in the end… the human gave up playing his life.
5,2,red,첼로 경은 그의 음악을<br>사랑했던 만큼 깊게 슬퍼했어.,"Sir Cello mourned, as he was in love with his music."
5,2,red,슬픔을 헤엄치는 과정에서<br>선율을 얻은 거야.,And while navigating that grief he found music.
5,2,sircello,?? ♩♩,??♭♩~
5,2,red,"‘언젠가 그에게, 말보다\n아름다운 선율을\n들려주고 싶어.’","I shall play a tune vastly more beautiful than words alone, just for him."
5,2,red,라고 말하네.,says Sir Cello.
6,1,edison,할 이야기가 있다 다들<br>원을 이루게 모여 보도록.,Announcement. Everyone<br>gather around in a circle.
6,1,red,"오오, 에디슨이 부를<br>정도라니! 무슨 일이야?","Oooh, Edison’s got<br>hot gossip! What’s up?"
6,1,sircello,? ♩♩ ? ?,? ♩♩ ? ?
6,1,edison,어제 구석에 있는<br>크레이터를 청소하러 나갔음.,Went to clean the crater<br>in the corner yesterday.
6,1,edison,거긴 오래 관리가<br>안 되어 어두컴컴했다.,"A dark place, left unkempt for."
6,1,edison,"도구를 준비 하던 중, 크레이터 안에서<br>무언가 뻗어 나온 것을 목격.",Witnessed something peeking out of the crater while preparing.
6,1,edison,"그건 희뿌옇고, 나뭇가지처럼<br>가느다란 손이었다.","A pale, thin hand<br>resembling a branch."
6,1,edison,마디가 기이할 정도로 길게 뻗은 그 손이<br>나에게 인사를 건네고는 사라졌어.,Elongated fingers waved at<br>me before disappearing.
6,1,edison,직후에 크레이터 안을 확인해<br>봤지만… 아무것도 없었음.,Scanned the crater immediately… found nothing.
6,1,edison,남은 것은 심연과 같은 어둠 뿐.,All that was left was darkness like an abyss.
6,1,red,하하! 에디슨. 잘못 본 거 아니냐?<br>연구하느라 눈이 나빠졌나 본데!,"Get outta here, Edison! Sure you don’t need new glasses?"
6,1,red,전혀 무섭지 않아. 전혀!,Like that’s supposed<br>to scare me. No way!
6,1,sircello,??♭….,??♭….
6,1,red,"아냐, 첼로 경! 내 불이<br>흔들리는 건 추워서야. 크흠.","No, Sir Cello! My fire’s flickering cause it’s CHILLY."
6,1,sircello,??~ ??♭…~?♭…..,??~ ??♭…~?♭…..
6,1,red,"이, 일부러 무서운<br>음악 연주하는 거지? 그만!",Are-are you playing creepy music on purpose? Stop it!
6,2,red,음? 에디슨이 안 보이네.,Hmm? I can’t find Edison.
6,2,red,"첼로 경, 에디슨\n어디 있는지 알아?","Sir Cello, know where Edison is?"
6,2,sircello,~? ?♭,~? ?♭
6,2,red,또 틀어 박혀서 연구하고 있군. 며칠째\n필라멘트 코빼기도 안 보이잖아!,Stuck in the lab again. We haven’t seen hide or filament of her for days!
6,2,red,"잠시만, 그렇다면….","Wait, does that mean…"
6,2,red,우리도 매일 출근하지\n않아도 괜찮은 거야?,we don’t have to come to work every day?
6,2,sircello,?& ♪ !,?& ♪ !
6,2,red,넌 알고 있었다고? 말도 안돼!,You knew already? No way!
6,2,red,그럼 나도 오늘\n청소 일을 쉬겠어.,Then I’ll take a day off from cleaning too.
6,2,red,"일을 안 하고… 음, 집에서…",I’ll just go home and… well…
6,2,red,….뭘 하지?,….do what?
6,2,sircello,#♭♪ ?&?,#♭♪ ?&?
6,2,red,…맞아. 일이 없는 달의\n일상은 너무 무료해.,…You’re right. Life on the moon with no work is boring.
6,2,red,"일이라고 부르지만, 사실은\n너희와의 산책과 다름 없으니까.","I call it work, when actually it’s just a nice stroll with you guys."
6,2,red,일하면서 슬픈 생각을\n잊는 것도 사실이고.,And I don’t have to think about sad things when I’m working.
6,2,red,"….쳇, 가자! 첼로 경.","….Ugh. Get those notes<br>shaking, Sir Cello!"
6,2,red,오늘은 동쪽의 작은\n크레이터부터 청소해야겠어.,Today’s a day for cleaning the small crater in the east.
7,1,red,"에디슨, 첼로 경. <br>내가 여기 있는 줄은 어떻게 알았어?","Edison, Sir Cello. What are you doing all the way here?"
7,1,red,아직 청소 덜 끝난 거 아니었어?,I thought you were still cleaning?
7,1,edison,"내 눈동자에 비치는 네 모습을 봐, 레드.","Your reflection in my eyes, Red."
7,1,edison,시들시들해져서는<br> 곧 꺼질 것 같다.,Flickering. About to be snuffed out.
7,1,edison,…그 인간 아이 생각이 나는 것?,… Thinking of the human child?
7,1,sircello,??……,??……
7,1,red,이런…! 걱정시켰네. 맞아.,Oh…! Didn’t mean to worry you. But you’re right.
7,1,red,오늘같이 우주가 얼어붙은 듯\n고요한 날엔 그 애가 생각나서 말이야.,"When it’s silent like the universe has frozen over, I’m reminded of him."
7,1,red,시린 물 한가운데로 스스로\n걸어 들어간 그 애가.,The boy that walked into the freezing water willingly.
7,1,sircello,….♩?#??♭.,….♩?#??♭.
7,1,red,그래. 시간이 흘렀는데\n조금도 잊혀지지 않았어.,Yeah. Time has passed but I haven’t forgotten a thing.
7,1,red,그 애의 하루를 들여다볼 때면\n느껴지던 깊고 깊은 외로움이.,That deep deep loneliness I felt whenever I peered into his day.
7,1,red,내가 찰나의 온기라도 되어줄 수 있었다면…,If I could have been a moment of warmth for him…
7,1,red,달라졌을까? 그 애는 살아갈 수 있었을까?,Would things be different? Could he have lived on?
7,1,red,아직도 그런 생각을 해.,These thoughts keep me up even now.
7,1,edison,… 언제든 털어 놓아도 된다.,… You can always inform us.
7,1,edison,그런 후회를 하는 건 이 크레이터를 치우는 이 공장 아래의 모두가 마찬가지니까.,The same regrets apply to all of us.
7,2,sircello,♬♬ ♬♬♬♬,♬♬ ♬♬♬♬
7,2,sircello,(멀리서 날개 바스락거리는 소리가 들린다.),(Rustling of wings)
7,2,sircello,? ♪ ?♪?♪,? ♪ ?♪?♪
7,2,sircello,(더듬이 비비는 소리가 들려온다.),(Squeaking of feelers)
7,2,sircello,♩♩ ♩♩♭,♩♩ ♩♩♭
7,2,sircello,(날개 빠르게 팔락이는 소리가 지나간다.),(Rapid flapping of wings)
7,2,sircello,??♭♩…?♭….,??♭♩…?♭….
8,1,edison,뭐야. 또 켜져 있잖아? (치지직-),Hmm. Turned on again? (Zzzz-)
8,1,edison,"들리나, 인간? 제멋대로 작동되니… 이런.","Do you copy, human? … It seems to be malfunctioning. Oh well."
8,1,edison,언제 꺼지는지 지켜보고 수리를 해야겠음.,I will need to make adjustments after observing the pattern in which it turns on and off.
8,1,edison,그동안 무슨 얘기를 해야 할까.,In the meantime.
8,1,edison,이곳 달 뒤편에는 인간의 흥미를 돋울 만큼 흥미로운 이야기가 없다만…….,eng
8,1,edison,"역시, 인간에 대한 이야기를 해 주는 편이 좋으려나.",eng
8,1,edison,…….,eng
8,1,edison,나도 직원 시절 관찰했던 인간이 있었다.,I too observed a human during my days as a worker. One that studied the stars.
8,1,edison,"망원경이 하던 시절, 별을 탐구하던 인간이었지.",eng
8,1,edison,인간은 자주 애인과 함께 밤하늘을 올려다봤어.,The human would gaze at the night sky with her lover.
8,1,edison,하지만 아름다운 애인은 갑작스러운 사고로 생명을 잃었다.,But her lover lost their life in a sudden accident.
8,1,edison,”나중에 저 별에서 다시 만나는 거야.” 라는 말을 남기고.,"“That star is where I’m headed after I die”, were their last words."
8,1,edison,인간은 그들이 다시는 만날 수 없다는 걸 알았다.,The human was not aware of the name of the star.
8,1,edison,"그래서 인간은 연구에 더 몰두했지. 매일, 매 시간, 매 초를.",And so she threw herself into her work. Every second of every hour of every day.
8,1,edison,애인에 대한 그리움이 비집고 들어오지 못하도록.,Her obsession over reuniting with her lover grew and grew. Until…
8,1,edison,"나는 그의 상실을 온전히 이해하고 있다고 판단했고,",eng
8,1,edison,그래서… 실수를 저질렀다.,"She reached the conclusion that the only way for her to reach her lover’s star, was death."
8,1,edison,"멍청한 실수들을, 매일 밤, 수차례.",I couldn’t begin to understand such an emotion. So… I made a mistake.
8,1,edison,…… 더는 이야기해 줄 수 없지만,eng
8,1,edison,이것만은 알아주길 바란다.,eng
8,1,edison,"그 실수를 반복하지 않으려고 개발한 것이다. 인간, 너와의 송신기를.",eng
8,1,edison,대화를 통한다면… 무지는 언젠가 극복될 수 있으니까.,eng
8,2,red,만약에.,eng
8,2,edison,만약에?,eng
8,2,red,"만약에, 아주 투명한 영혼과 순수한 마음을 가진 어느 인간이",eng
8,2,red,우주 비행사가 되어 달의 뒤편에 착륙한다면 어떡하지?,eng
8,2,red,그리고 우리의 아름다운 공장과,eng
8,2,red,밑에서 폐기물 청소 중인 우리를 발견한다면?,eng
8,2,red,우리는 숨어야 하려나? 아니면 인사를 건네야 할까?,eng
8,2,edison,인간 또한 강한 탐구욕을 가진 종족.,eng
8,2,edison,그는 분명 다가와 우리에게 많은 질문을 쏟아 낼 것.,eng
8,2,red,불꽃 머리를 화려하게 뽐내고 있으면 눈에 띄겠지? 분명해!,eng
8,2,red,"NASA에 대서특필될 수도! <불꽃 소년, 인간의 마음을 뜨겁게 데우다!>",eng
8,2,edison,"아니, 그 전에 인간의 표피를 뜨겁게 데울 듯하다.",eng
8,2,edison,인간이 화상 입을 수도. 인간의 외피는 우리의 생각보다 연약함.,eng
8,2,edison,그들은 우주복 없인 이곳에서 살아남을 수 없음.,eng
8,2,edison,네 불이 우주복에 구멍이라도 뚫어 버린다면?,eng
8,2,sircello,(베토벤의 비창이 흘러나온다. 격렬한 불협화음이 섞여 있다.),eng
8,2,red,…… 흥.,eng
8,2,edison,"어찌 되었든, 긴급 행동 요령이 필요하겠군.",eng
8,2,edison,다녀오겠다. 고민의 시간이 필요해.,eng
8,2,edison,"타당한 의문이었음, 레드.",eng
8,2,red,…… 그렇게 칭찬해도 기분 안 풀리거든!,eng
9,1,red,인간. 인가아아안.,eng
9,1,red,오늘따라 잠이 오질 않아서 에디슨 몰래 송신기를 켜 봤어.,eng
9,1,red,아아- 크흠. 들리려나?,eng
9,1,red,음… 마지막으로 꿈 제작을 담당했던 아이가 자꾸 떠오르는 것 있지.,eng
9,1,red,나의 마지막 인간.,eng
9,1,red,"있잖아, 그 애는 정말 따뜻한 아이였어!",eng
9,1,red,"친구들에게 마지막 남은 반찬을 항상 양보할 정도로 마음이 넓었고,",eng
9,1,red,지나가는 고양이와 인사하기 위해 선뜻 주저앉아 손을 내밀 정도로 경계가 보드라웠어.,eng
9,1,red,하지만 세상은 그 애에게 따뜻하지 않았어.,eng
9,1,red,"원래 그렇게 이기적인 세상인 걸까, 그 아이에게만 박했던 걸까?",eng
9,1,red,약해서? 인간 세계의 기준으로 ‘가난한 자’에 속해서?,eng
9,1,red,뒤에 숨을 어른 가족이 없어서?,eng
9,1,red,모르겠어. 이해할 수 없는 아주 비겁한 이유였다고 생각해.,eng
9,1,red,"그 아이를 에워싼 겨울도, 주변의 어른들도. 결코 그에게 온기를 되돌려주지 않았기에,",eng
9,1,red,난 모든 경우를 생각하며 그를 데워 주려 했지만 내 온기는 닿지 않았어.,eng
9,1,red,내 머리가 나빠서였을까?,eng
9,1,red,아니면 달과 지구의 거리가 너무 멀어서?,eng
9,1,red,…… 전부 나의 탓이야.,eng
9,1,red,그래서 난… 그를 위해 더욱 강렬하고 뜨거운 불이 되기로 결심했어.,eng
9,1,red,혹시 모르잖아. 그 애가 지금 먼먼 우주를 떠돌고 있을 수도 있는 거잖아.,eng
9,1,red,그렇게 우리가 언젠가 만날 수도 있는 거잖아!,eng
9,1,red,"그때, 그때 비로소 그 아이를 데워 주면 되니까.",eng
9,1,red,"그러니 인간, 그때까지 내가 타오르길 응원해 줘야 해! 그럴 거지?",eng
9,2,red,그때 기억나?,Do you remember?
9,2,red,삽이 땅 속 무언가에 부딪혔을 때 말야.,When my shovel hit<br>something in the ground.
9,2,sircello,♩ ♩♪ ?♪ ?,♩ ♩♪ ?♪ ?
9,2,edison,"맞아, 네가 땅속 무언가의 정체를 몰라 우리를 불렀잖아.","Indeed, you had no idea<br>what it was and summoned us."
9,2,edison,"난 그 자원을 이리저리 보고, 냄새를 맡고, 만져보고, 또 핥아보기까지 했지.","I studied, smelled, touched, even licked the resource."
9,2,edison,오감으로 관찰한 결과 나는 확신했다.,And my senses confirmed what I already suspected.
9,2,edison,이것은 달과 꿈 공장에 혁신을 불러일으킬 신자원이라는 걸!,That this new resource would bring about innovation on the Moon and the Factory!
9,2,edison,바로 이를 연료화하기 위한 실험에 돌입하려,I left at once to retrieve my equipment from the laboratory
9,2,edison,연구실로 실험 도구를 가지러 떠났지.,to begin experimenting on how to convert it into fuel.
9,2,edison,그런데 돌아오니까 자원이 없어졌지 뭐야.,But I returned to discover the resource missing.
9,2,edison,달을 샅샅이 뒤져보았지만 낌새도 없이 사라져 있었음.,I searched the Moon but it hadn’t left a trace.
9,2,edison,그때만큼 내 감정이 요동쳤던 때를 찾기는 쉽지 않아.,My emotions had never been more intense.
9,2,edison,"그럼, 난 연구실로 복귀한다. 이만.","With that, I return to my lab. Until the next time."
9,2,edison,(탁탁거리는 발소리가 멀어진다.),
9,2,red,…,…
9,2,sircello,…,…
9,2,sircello,♪♪ ?♬ ?,♪♪ ?♬ ?
9,2,red,"아니야, 말해주지 않길 잘 했어.","No, we made the right call<br>by not telling her."
9,2,red,그 대단한 신자원이 고작 ‘얼음’이었다는 걸 알았다면 에디슨은…,If Edison ever found out that her grand resource was just ice…
9,2,sircello,??♭?♭!!!!,??♭?♭!!!!
9,2,red,우리도 엄청 놀랐었잖아! 잔뜩 기대했었는데….,We did too. You remember<br>how shocked I was.
9,2,red,에디슨은 그 실망과 충격을 영원히 극복하지 못할 수도 있다고.,Edison may never get over it for the rest of time.
9,2,sircello,*♩♩ / ♪,*♩♩ / ♪
9,2,red,헤헤. 맞아.,Hehe. True.
9,2,red,이미 녹아 없어진 얼음을 찾아 헤매는 에디슨의 뒷모습도 재미있었지!,It was pretty funny watching Edison freak out over the ice disappearing.
9,2,sircello,♪ ?♪♭ ~,♪ ?♪♭ ~
9,2,red,알았어. 그만 놀릴게….,Alright. I’ll lay off her…
10,1,red,오늘따라 꿈 공장 직원이었던 때가 그리워.,It’s days like this I miss being a worker.
10,1,sircello,…… ♪,…… ♪
10,1,edison,"돌아갈 수도 없는 걸 그리워하면 네 마음만 아픔. 일해라, 레드.",I am in agreement. No point in missing what cannot be retrieved.
10,1,red,그래도!,Still!
10,1,red,그래도.,Still.
10,1,red,그때는 우리가 사랑하는 인간들에게 사랑스런 꿈을 보내 줄 수 있었어.,"We weren’t outcasts, and we could send dear dreams to the humans dear to us."
10,1,red,꿈을 제조하기 전 그들의 다채로운 하루를 재생해 감상하던 업무는 매일의 낙이었지!,eng
10,1,red,재수없는 공장 놈들이 우리를 무시하지도 않았고 말이야.,eng
10,1,edison,… 그래.,…True.
10,1,edison,경이로운 속도로 진화하던 그들의 기술을 관찰하는 것 역시 즐거웠다.,eng
10,1,edison,"파이프 오르간과 반도체 칩, 놀라울 만큼 정교했음.",eng
10,1,edison,지성과 집념의 집약체였지. 아직도 기억 속에 생생하다.,eng
10,1,sircello,♪? !!,♪? !!
10,1,red,"그렇지, 우리가 만날 일은 없었겠지만…… 그래도!","Right, then we never would have met, but don’t you still miss it?"
10,1,edison,하지만 우린 이미 만났음.,But we already have met.
10,1,edison,그리고 생각보다 나는 너희를 좋아하고 있다.,
10,1,edison,"자, 다시 청소하러 가자.","Now, back to the cleaning."
10,1,red,…,…
10,1,red,우와. 우와아.... 응!,Whoa. Did I hear that right?
10,1,red,(타타닥 하는 발소리),eng
10,1,red,"제대로 들은 것 맞지, 첼로 경?",eng
10,1,첼로경.,??,??
10,2,red,대사가 아직 안 적혔어!,eng
10,2,edison,기다려라. 진행 중이라고 한다.,eng
10,2,sircello,♩?? ~~,eng
11,1,red,그거 알아?,"Hey, guess what?"
11,1,red,인간들은 우리가 사는 달에 참 관심이 많대!,Humans are really interested in this Moon of ours.
11,1,sircello,??♭?♭,??♭?♭
11,1,red,그리스의 신화에서는 달을 관장하는 세 명의 여신들이 있다고 믿었대.,The Greek myths said three goddesses looked over the Moon.
11,1,red,"아르테미스는 초승달, 셀레네는 보름달, 헤카테는 그믐달을 상징하지!","Artemis dealt with the cresent moon, Selene the full moon, and Hecate the waning moon."
11,1,red,너어무 멋있고 낭만적이야.,WAY too cool and romantic.
11,1,sircello,??♭?♭?,??♭?♭?
11,1,red,"그리고, 한국에서는 달에서 토끼가 방아를 찧는다고 믿었대.","Well, in Korea they believed rabbits lived on the moon."
11,1,red,지구에서 보이는 달의 앞면을 보며 그런 상상을 한 거야!,How’s that for creative and adorable?
11,1,sircello,*♩♩ / ♪,??♭?♭…
11,1,red,그러게… 이젠 과학의 발전으로 신화나 동화를 믿는 인간이 흔치 않아졌어.,True… science has made it rare for humans to believe in myths or fairy tales.
11,1,red,"조금은, 아니, 꽤나 아쉬워.","It’s kinda disappointing. No, very disappointing."
11,1,edison,글쎄.,I disagree.
11,1,edison,사실에 이야기를 덧씌우는 것 역시 좋지만,"Stories cast over facts are acceptable,"
11,1,edison,"사실에 다가가려고 하는 인간들의 태도,","but their dedication to the truth,"
11,1,edison,바로 내가 인간을 사랑하고 궁금해하는 이유 중 하나다.,is what I love to explore about humans.
11,2,red,대사가 아직 안 적혔어!,eng
11,2,edison,기다려라. 진행 중이라고 한다.,eng
11,2,sircello,♩?? ~~,eng
12,1,edison,인간은 때때로 비합리적인 선택을 한다.,eng
12,1,edison,"발화기관이 아직 작동하지 않는 태아와 대화를 나누고,",eng
12,1,edison,가장 절망적인 상황에서도 아름다움을 좇으며 기쁨을 느낀다.,eng
12,1,edison,아름다움이 무엇인지도 모르면서.,eng
12,1,edison,비합리성. 끼워지지 않는 퍼즐조각 같은데도,eng
12,1,edison,묘하게 앉아 바라보고 싶은 인간의 그 기묘한 특성.,eng
12,1,sircello,?♭~?♩…?,eng
12,1,edison,"그래, 어쩌면 그들이 비합리적이기에 나를 그토록 매료시킨 것일지도 모르지.",eng
12,1,edison,"하지만 그것 알아, 첼로 경?",eng
12,1,edison,가끔은 그들을 온전히 이해할 수 없을지도 모른다는 공포에 마비된다.,eng
12,1,edison,왜 그때… 그런 사고를 했으며 그러한 선택을 했는지.,eng
12,1,edison,"답 없는 메아리처럼 끊임없이 짐작할 수밖에 없고, 당최 이해도 납득도 되지 않을 때.",eng
12,1,edison,얼어붙는다.,eng
12,1,sircello,♭ ♩ +,eng
12,1,edison,정말 그렇게 생각하나? 우리는 영원히 그들을 이해할 수 없다고?,eng
12,1,edison,… 우리의 세계가 너무 단순하기 때문일까.,eng
12,1,sircello,? - -?,eng
12,1,edison,…… 그런 게 중요하지 않다면 대체 무엇이 중요한 거지?,eng
12,1,sircello,"♩♩♩ *, ♩♩ *",eng
12,1,edison,정말 이해하기 위해서는 이해하지 못한 채로 받아들여야 한다고?,eng
12,1,edison,"이해하지 못한 채로, ‘받아들여야’ 한다고?",eng
12,1,edison,문장 내에 모순이 있다.,eng
12,1,sircello,….♩? ?♭.,eng
12,1,edison,모순까지 받아들여라....,eng
12,1,edison,이런. 받아들이는 것 참 좋아하네!,eng
12,1,sircello,(첼로 경이 연주를 시작한다. 달의 새들이 모여드는 소리가 난다.),eng
12,1,sircello,(몽환적인 새소리가 어우러진다.),eng
12,2,red,"저 멀리의 우주 암석, 보여?",Gazing at the space rock wandering through space made me think.
12,2,red,언제부터 차디찬 우주에 외로이 떠돌았을까?,How long has it been drifting in this cold universe all alone?
12,2,red,저 운석은 끝이 나는 것들의 아름다움을 알고 있을까?,eng
12,2,red,…,…
12,2,red,어제까진 나의 인간 아이도 그렇게 우주를 떠돌고 있기를 바랐었어.,eng
12,2,red,오래 오래 떠돌다 보면 언젠가는 만날 수 있을지 모르니까.,eng
12,2,red,하지만…,eng
12,2,red,"이젠 놓을래. 포기하는 게 아니야. 그냥, 인정하는 거야.",eng
12,2,red,"슬픔을 애써 희망으로 바꿔 왔지만, 이건 그 애를 위하는 길이 아니었어.",eng
12,2,red,왜냐하면…. 왜냐하면.,Because…. because.
12,2,red,그 애가 살아간 찰나의 시간이 너무나도 눈부셨거든.,That split second of his life shined so bright.
12,2,red,그 반짝임은 달에 있는 나에게까지 닿을 정도였어.,So much that its light reached me on the Moon.
12,2,red,나는 그 애의 고유한 반짝임을 지켜 주고 싶어. 그러니 나는.,I want to protect his special light.
12,2,red,"기억해야만 해. 그 아이가 어떻게 시작되었고, 어떻게 끝났는지.",eng
12,2,red,끝과 함께 하나의 이야기로 완성되었던 아이의 아름다운 인생을.,eng
12,2,red,그러니까 놓아 줄 거야.,eng
12,2,red,"다만 나의 가슴은 언제까지나 조금은 찌릿할테고,","But I’ll always feel a pang in my heart,"
12,2,red,눈에서 소금물이 흐르는 날도 있을거야.,and sometimes saltwater will leak from my eyes.
12,2,red,"그 정도는 괜찮겠지, 에디슨?","That’s okay, right, Edison?"
12,2,edison,…,…
12,2,edison,네 머리가 뜨겁지만 않았다면 쓰다듬었을 텐데.,eng
12,2,edison,대신 등을 두드린다.,eng
13,1,red,다가갈 수 없고 곁에 있을 수 없는 내 자신을 많이 원망했어.,I hated myself for not being able to be near you.
13,1,red,하지만… 네가 나를 알았다면. 우리가 친구였다면.,But… if you’d known me. If we’d been friends.
13,1,red,"너는 내가 자책하는 걸 바라지 않았을지도 모르겠다는 생각을,","It occured to me that you might not have wanted this,"
13,1,red,문득 해 버렸어.,me blaming myself.
13,1,red,"있잖아,","You know,"
13,1,red,"점점 어두워져가는 네 꿈을 보면서도, 네가 꺼져 가고 있다는 생각을 한 적은 한 번도 없었어.","You dreams turned darker, but I never imagined you were petering out."
13,1,red,넌 마지막 날까지 강인한 촛불처럼 따뜻했으니까.,You were as warm as a strong flame to the very end.
13,1,red,"살고 싶다는, 살아 있는 존재들의 끈질긴 본능만으로는","Just the will, and the dogged instinct to live"
13,1,red,또 내가 아주 멀리서 보내 주었던 꿈들만으로는,and the dreams I sent you from far far away
13,1,red,네 온기가 끊어진 것을 막을 수 없었던 거야.,weren’t enough to stop that warmth from petering out.
13,1,red,"그래, 나의 탓이 아니었다는 걸… 이제는 알 것 같다.","Yes, I know now… that it wasn’t my fault."
13,1,red,불운을 견디는 게 힘들었지.,It was hard to cope with all the bad luck.
13,1,red,사실 나는 어른이 된 너의 모습을 궁금해하고는 했는데.,I used to wonder what you would be like as an adult.
13,1,red,앞으로도 영원히 궁금해할 거야.,And I always will.
13,1,red,너를 탓하지는 않아.,I don’t blame you.
13,1,red,하지만 너무 약했던 너를 아무렇지 않게 짓눌렀던 그의 몹쓸 강함이 밉고,But I resent that strength that crushed you like it meant nothing
13,1,red,너를 당연히 지켜 줘야 했던 사회란 게 그토록 허술한 울타리일 뿐이었다는 사실도 밉고,and the careless fence of a society meant to keep you safe
13,1,red,"차디찬 겨울밤, 손난로 하나 건네 주던 사람이 하나 없었다는 것도 너무, 너무 미워.",and that no one was there to hand you a pair of mittens on that cold winter night.
13,1,red,넌 그 조그만 온기로도 다시 타오를 소년이었다는 걸 알아서.,Because I know that warmth would have been all it took for you to light up again.
13,1,red,아아아아아아. 이런.,Ohhhhhh. Oh.
13,1,red,왜냐하면… 난 진짜 어른이 된 네 모습이,Because… I wondered what you would be like as an adult.
13,1,red,무척이나 궁금했거든.,I really really did.
13,2,red,대사가 아직 안 적혔어!,eng
13,2,edison,기다려라. 진행 중이라고 한다.,eng
13,2,sircello,♩?? ~~,eng
14,1,red,"너희, 지구에 가 보고 싶어?",eng
14,1,edison,갑자기? 지구? 갈 방법이 없는데 그걸 왜 상상해야 하지?,eng
14,1,red,…….,eng
14,1,red,됐어. 됐어. 어차피 나도 안 궁금했거든?,eng
14,1,edison,…. 지구는 흥미로운 미지 투성이다.,eng
14,1,edison,그러나 우주에서 나는 돌만큼이나 내 연구에 실용적인 자원은 없다.,eng
14,1,edison,인간 학자들의 의견은 조금 궁금한걸….,eng
14,1,sircello,(음표),eng
14,1,red,첼로 경은 지구 상의 선율들이 궁금하대.,eng
14,1,red,특히 바람 소리나 빗소리처럼 지구의 자연이 내는 다정한 울림들이.,eng
14,1,sircello,(달 나비의 맑은 종소리 같은 날갯짓이 먼 발치에서 들린다.),eng
14,1,sircello,(음표),eng
14,1,edison,동감함. 달에서만 특수히 공명하는 선율들이 나 역시 그리워질 거다.,eng
14,1,red,"나는 정말 가 보고 싶지만, 지구에는 인간을 비롯한 생물이 너무 많아.",eng
14,1,red,"너무, 너무…. 너무 많아!",eng
14,1,red,내 불길이 뜨거워 누군가 다칠지도 몰라.,eng
14,1,red,"비좁지만, 척박해서 오히려 널찍하게 느껴지는 달이 나에겐 딱인걸.",eng
14,1,red,"아, 마음대로 뛰어다닐 수도 있지.",eng
14,1,red,뛰이이어어어어다아아니이이이이… (뛰는 발소리. 점점 작아진다.),eng
14,2,red,인간! 우리… 그러니까… 마지막 인사하러 왔어.,eng
14,2,red,뭉치의 눈을 통해 틈틈이 바라보았던 넌 정말 아름답고 따스한 마음을 가진 인간이었어!,eng
14,2,edison,"그래, 그런 당신을 만나게 되어 영광이었다.",eng
14,2,red,우리는 너를 사랑해! 모두가 사랑하고 있어!,eng
14,2,red,"달의 뒤편에서, 영원히!",eng
14,2,sircello,(경쾌하지만 깊이 울리는 첼로 소리가 울려 퍼진다.),eng
14,2,red,첼로 경 역시 영광이었대. 많은 인간에게 우리가 그들을 사랑한다고 전해 달래!,eng
14,2,edison,이런. 구식 회로를 사용해서 그런가. 고장 나기 직전.,eng
14,2,edison,걱정 마. 머지않아 달나라 송신기ver 2.를 출시할 것이다.,eng
14,2,edison,"‘양방향 통신’ 기술이 개발에 임박했으니까. 기다려라, 인간.",eng
14,2,red,그럼 이건… 곧 꺼지는 거야?,eng
14,2,edison,그렇다.,eng
14,2,red,인간…… 인간…! 그리울 거야. 정말이야.,eng
14,2,sircello,(먹먹한 목소리를 가다듬듯 첼로 조율하는 소리를 낸다.),eng
14,2,red,"아냐, 아냐! 우리 웃으며 헤어지자고!",eng
14,2,red,그러니 우리 셋이 함께 특별한 이별 노래를 불러 줄게. 알았지?,eng
14,2,red,"크흠, 크흠! 잘 들어야 해! 인간에게도 익숙한 노래일 거야!",eng
14,2,red,"첼로 경, 음악 준비해 줘!",eng
14,2,sircello,(첼로 선율이 낮게 깔린다.),eng
14,2,red,아아- 안녕은 영원한 헤어짐이 (-치직),eng
14,2,edison,(치익……) 다시 만나기 위한 약속일 (치직… 칙),eng
